,precision,recall,f1
bars,1.0,1.0,1.0
slate,1.0,0.8571428571428571,0.923076923076923
other_opening,0.6,0.7272727272727273,0.6575342465753425
other_text,0.5808823529411765,0.5064102564102564,0.5410958904109588
chyron,0.71875,0.8214285714285714,0.7666666666666666
-,0.0,0.0,0.0
credit,0.6785714285714286,0.7307692307692307,0.7037037037037038
average,0.6540291116446578,0.6632890918605204,0.6560110614905136
