,precision,recall,f1
bars,1.0,1.0,1.0
slate,1.0,1.0,1.0
other_opening,0.8421052631578947,0.7619047619047619,0.8
other_text,0.6666666666666666,0.8571428571428571,0.75
-,0.0,0.0,0.0
chyron,1.0,1.0,1.0
credit,0.7142857142857143,0.9,0.7964601769911505
average,0.7461510920157537,0.7884353741496598,0.76378002528445
